Text,Confidence Level
ROAD CLOSED,0.9891957083087257
TO ALL PEDESTRIAN],0.5156957159689034
AND BIKE USE,0.9975043068554044
