Text,Confidence Level
ROAD CLOSED),0.714531690017029
TO ALL PEDESTRIAN,0.6763769391940031
AND BIKE USE,0.9932275457656129
